job_link,job_skills
https://www.linkedin.com/jobs/view/200001,"LLMs, Transformers, PyTorch, LangChain, RAG, Fine-Tuning, Hugging Face, Python"
https://www.linkedin.com/jobs/view/200002,"Python, Machine Learning, Pandas, Scikit-Learn, Deep Learning, SQL, Statistics"
https://www.linkedin.com/jobs/view/200003,"Deep Learning, PyTorch, CNNs, Computer Vision, OpenCV, ResNet, YOLO"
https://www.linkedin.com/jobs/view/200004,"React, Next.js, Node.js, Express, JavaScript, TypeScript, REST APIs, MongoDB"
https://www.linkedin.com/jobs/view/200005,"AWS, Docker, Kubernetes, CI/CD, Terraform, Jenkins, Linux"
https://www.linkedin.com/jobs/view/200006,"Python, SQL, Apache Spark, Kafka, Snowflake, Airflow, ETL, Data Warehousing"
https://www.linkedin.com/jobs/view/200007,"Cybersecurity, Penetration Testing, Network Security, Cryptography, Ethical Hacking"
https://www.linkedin.com/jobs/view/200008,"System Design, Distributed Systems, Microservices, Load Balancing, Caching, Scalability"
https://www.linkedin.com/jobs/view/200009,"Machine Learning, Docker, Kubernetes, CI/CD, MLflow, Python, PyTorch, Model Deployment"
https://www.linkedin.com/jobs/view/200010,"React Native, iOS, Android, Mobile Development, JavaScript, Redux"
https://www.linkedin.com/jobs/view/200011,"LLMs, Transformers, PyTorch, LangChain, RAG, Fine-Tuning, Hugging Face, Python"
https://www.linkedin.com/jobs/view/200012,"Python, Machine Learning, Pandas, Scikit-Learn, Deep Learning, SQL, Statistics"
https://www.linkedin.com/jobs/view/200013,"Deep Learning, PyTorch, CNNs, Computer Vision, OpenCV, ResNet, YOLO"
https://www.linkedin.com/jobs/view/200014,"React, Next.js, Node.js, Express, JavaScript, TypeScript, REST APIs, MongoDB"
https://www.linkedin.com/jobs/view/200015,"AWS, Docker, Kubernetes, CI/CD, Terraform, Jenkins, Linux"
https://www.linkedin.com/jobs/view/200016,"Python, SQL, Apache Spark, Kafka, Snowflake, Airflow, ETL, Data Warehousing"
https://www.linkedin.com/jobs/view/200017,"Cybersecurity, Penetration Testing, Network Security, Cryptography, Ethical Hacking"
https://www.linkedin.com/jobs/view/200018,"System Design, Distributed Systems, Microservices, Load Balancing, Caching, Scalability"
https://www.linkedin.com/jobs/view/200019,"Machine Learning, Docker, Kubernetes, CI/CD, MLflow, Python, PyTorch, Model Deployment"
https://www.linkedin.com/jobs/view/200020,"React Native, iOS, Android, Mobile Development, JavaScript, Redux"
https://www.linkedin.com/jobs/view/200021,"LLMs, Transformers, PyTorch, LangChain, RAG, Fine-Tuning, Hugging Face, Python"
https://www.linkedin.com/jobs/view/200022,"Python, Machine Learning, Pandas, Scikit-Learn, Deep Learning, SQL, Statistics"
https://www.linkedin.com/jobs/view/200023,"Deep Learning, PyTorch, CNNs, Computer Vision, OpenCV, ResNet, YOLO"
https://www.linkedin.com/jobs/view/200024,"React, Next.js, Node.js, Express, JavaScript, TypeScript, REST APIs, MongoDB"
https://www.linkedin.com/jobs/view/200025,"AWS, Docker, Kubernetes, CI/CD, Terraform, Jenkins, Linux"
https://www.linkedin.com/jobs/view/200026,"Python, SQL, Apache Spark, Kafka, Snowflake, Airflow, ETL, Data Warehousing"
https://www.linkedin.com/jobs/view/200027,"Cybersecurity, Penetration Testing, Network Security, Cryptography, Ethical Hacking"
https://www.linkedin.com/jobs/view/200028,"System Design, Distributed Systems, Microservices, Load Balancing, Caching, Scalability"
https://www.linkedin.com/jobs/view/200029,"Machine Learning, Docker, Kubernetes, CI/CD, MLflow, Python, PyTorch, Model Deployment"
https://www.linkedin.com/jobs/view/200030,"React Native, iOS, Android, Mobile Development, JavaScript, Redux"
https://www.linkedin.com/jobs/view/200031,"LLMs, Transformers, PyTorch, LangChain, RAG, Fine-Tuning, Hugging Face, Python"
https://www.linkedin.com/jobs/view/200032,"Python, Machine Learning, Pandas, Scikit-Learn, Deep Learning, SQL, Statistics"
https://www.linkedin.com/jobs/view/200033,"Deep Learning, PyTorch, CNNs, Computer Vision, OpenCV, ResNet, YOLO"
https://www.linkedin.com/jobs/view/200034,"React, Next.js, Node.js, Express, JavaScript, TypeScript, REST APIs, MongoDB"
https://www.linkedin.com/jobs/view/200035,"AWS, Docker, Kubernetes, CI/CD, Terraform, Jenkins, Linux"
https://www.linkedin.com/jobs/view/200036,"Python, SQL, Apache Spark, Kafka, Snowflake, Airflow, ETL, Data Warehousing"
https://www.linkedin.com/jobs/view/200037,"Cybersecurity, Penetration Testing, Network Security, Cryptography, Ethical Hacking"
https://www.linkedin.com/jobs/view/200038,"System Design, Distributed Systems, Microservices, Load Balancing, Caching, Scalability"
https://www.linkedin.com/jobs/view/200039,"Machine Learning, Docker, Kubernetes, CI/CD, MLflow, Python, PyTorch, Model Deployment"
https://www.linkedin.com/jobs/view/200040,"React Native, iOS, Android, Mobile Development, JavaScript, Redux"
https://www.linkedin.com/jobs/view/200041,"LLMs, Transformers, PyTorch, LangChain, RAG, Fine-Tuning, Hugging Face, Python"
https://www.linkedin.com/jobs/view/200042,"Python, Machine Learning, Pandas, Scikit-Learn, Deep Learning, SQL, Statistics"
https://www.linkedin.com/jobs/view/200043,"Deep Learning, PyTorch, CNNs, Computer Vision, OpenCV, ResNet, YOLO"
https://www.linkedin.com/jobs/view/200044,"React, Next.js, Node.js, Express, JavaScript, TypeScript, REST APIs, MongoDB"
https://www.linkedin.com/jobs/view/200045,"AWS, Docker, Kubernetes, CI/CD, Terraform, Jenkins, Linux"
https://www.linkedin.com/jobs/view/200046,"Python, SQL, Apache Spark, Kafka, Snowflake, Airflow, ETL, Data Warehousing"
https://www.linkedin.com/jobs/view/200047,"Cybersecurity, Penetration Testing, Network Security, Cryptography, Ethical Hacking"
https://www.linkedin.com/jobs/view/200048,"System Design, Distributed Systems, Microservices, Load Balancing, Caching, Scalability"
https://www.linkedin.com/jobs/view/200049,"Machine Learning, Docker, Kubernetes, CI/CD, MLflow, Python, PyTorch, Model Deployment"
https://www.linkedin.com/jobs/view/200050,"React Native, iOS, Android, Mobile Development, JavaScript, Redux"
https://www.linkedin.com/jobs/view/200051,"LLMs, Transformers, PyTorch, LangChain, RAG, Fine-Tuning, Hugging Face, Python"
https://www.linkedin.com/jobs/view/200052,"Python, Machine Learning, Pandas, Scikit-Learn, Deep Learning, SQL, Statistics"
https://www.linkedin.com/jobs/view/200053,"Deep Learning, PyTorch, CNNs, Computer Vision, OpenCV, ResNet, YOLO"
https://www.linkedin.com/jobs/view/200054,"React, Next.js, Node.js, Express, JavaScript, TypeScript, REST APIs, MongoDB"
https://www.linkedin.com/jobs/view/200055,"AWS, Docker, Kubernetes, CI/CD, Terraform, Jenkins, Linux"
https://www.linkedin.com/jobs/view/200056,"Python, SQL, Apache Spark, Kafka, Snowflake, Airflow, ETL, Data Warehousing"
https://www.linkedin.com/jobs/view/200057,"Cybersecurity, Penetration Testing, Network Security, Cryptography, Ethical Hacking"
https://www.linkedin.com/jobs/view/200058,"System Design, Distributed Systems, Microservices, Load Balancing, Caching, Scalability"
https://www.linkedin.com/jobs/view/200059,"Machine Learning, Docker, Kubernetes, CI/CD, MLflow, Python, PyTorch, Model Deployment"
https://www.linkedin.com/jobs/view/200060,"React Native, iOS, Android, Mobile Development, JavaScript, Redux"
